{"cameraMode":{"drawMode":0,"name":"Shaded","section":"Shading Mode"},"sceneLighting":true,"audioPlay":false,"sceneViewState":{"showFog":true,"showMaterialUpdate":false,"showSkybox":true,"showFlares":true,"showImageEffects":true,"showParticleSystems":true},"in2DMode":false,"pivot":{"x":-0.1477406919002533,"y":0.44103673100471499,"z":-0.033517904579639438},"rotation":{"x":-0.05108882859349251,"y":0.9387761354446411,"z":-0.15921515226364137,"w":-0.3012334704399109},"size":5.5775017738342289,"orthographic":true}